stu_id,math_1,math_2,math_3,math_avg,phy_1,phy_2,phy_3,phy_avg,chem_1,chem_2,chem_3,chem_avg,z_maths,z_phy,z_chem,gender,sleeping_hours,distance_to_school (kms),school_type,income(Rs),final_zscore
1,100,87,70,85.6667,85,75,77,79,86,72,87,81.6667,1.748,1.042,1.0703,Male,11,14,International School,108500,1.2868
2,100,86,75,87,84,78,72,78,96,94,83,91,1.8126,0.9997,1.4955,Male,11,63,Government School,65500,1.4359
3,93,94,94,93.6667,77,88,85,83.3333,82,94,73,83,2.1357,1.225,1.1311,Male,9,25,International School,40500,1.4972
4,97,95,98,96.6667,74,72,100,82,88,85,71,81.3333,2.2811,1.1687,1.0551,Male,9,45,International School,142000,1.5016
5,97,79,91,89,78,95,85,86,77,93,89,86.3333,1.9095,1.3376,1.2829,Male,10,49,Government School,77000,1.51
6,76,89,94,86.3333,97,78,88,87.6667,76,97,70,81,1.7803,1.408,1.04,Female,8,28,Government School,47000,1.4094
7,92,100,88,93.3333,77,93,87,85.6667,91,92,93,92,2.1195,1.3235,1.5411,Female,10,60,International School,123500,1.6614
8,93,98,70,87,84,78,78,80,77,99,76,84,1.8126,1.0842,1.1766,Male,9,48,Government School,89500,1.3578
9,92,100,76,89.3333,85,84,86,85,97,71,95,87.6667,1.9257,1.2953,1.3437,Male,10,9,Government School,42000,1.5216
10,93,73,89,85,83,76,71,76.6667,81,73,71,75,1.7157,0.9434,0.7666,Female,4,68,Government School,99500,1.1419
11,89,75,87,83.6667,76,89,95,86.6667,95,77,90,87.3333,1.6511,1.3657,1.3285,Male,6,8,Government School,35500,1.4484
12,77,95,96,89.3333,82,82,80,81.3333,86,86,72,81.3333,1.9257,1.1405,1.0551,Male,11,28,International School,115500,1.3738
13,74,72,90,78.6667,91,83,83,85.6667,73,82,76,77,1.4088,1.3235,0.8577,Male,8,63,Government School,46500,1.1967
14,78,94,79,83.6667,75,76,83,78,96,70,97,87.6667,1.6511,0.9997,1.3437,Male,6,55,Government School,42000,1.3315
15,97,73,83,84.3333,70,72,82,74.6667,97,74,70,80.3333,1.6834,0.859,1.0096,Female,11,42,Government School,69500,1.184
16,94,74,73,80.3333,74,72,79,75,78,87,96,87,1.4895,0.873,1.3133,Male,4,14,Government School,39500,1.2253
17,79,91,79,83,78,94,100,90.6667,88,73,76,79,1.6188,1.5347,0.9488,Male,4,54,Government School,47500,1.3674
18,74,96,79,83,83,75,90,82.6667,83,72,76,77,1.6188,1.1968,0.8577,Male,9,77,Government School,25500,1.2244
19,87,96,93,92,87,78,82,82.3333,94,72,76,80.6667,2.0549,1.1827,1.0248,Male,4,36,Government School,70500,1.4208
20,96,89,90,91.6667,98,97,96,97,70,81,92,81,2.0388,1.8021,1.04,Female,5,19,International School,133000,1.6269
21,73,98,74,81.6667,89,94,93,92,84,82,87,84.3333,1.5542,1.591,1.1918,Female,1,49,International School,164500,1.4456
22,88,92,71,83.6667,83,88,80,83.6667,73,80,92,81.6667,1.6511,1.239,1.0703,Male,6,57,International School,124500,1.3201
23,79,96,74,83,80,88,83,83.6667,72,78,100,83.3333,1.6188,1.239,1.1462,Male,8,76,Government School,79500,1.3347
24,79,86,82,82.3333,82,81,75,79.3333,81,90,75,82,1.5865,1.056,1.0855,Male,4,32,International School,128500,1.2427
25,95,73,84,84,92,76,71,79.6667,91,88,100,93,1.6672,1.0701,1.5866,Male,3,40,International School,185500,1.4413
26,94,85,90,89.6667,80,70,86,78.6667,78,76,73,75.6667,1.9418,1.0279,0.797,Male,5,43,International School,172000,1.2556
27,98,78,77,84.3333,80,85,83,82.6667,87,89,84,86.6667,1.6834,1.1968,1.2981,Male,8,68,Government School,55000,1.3928
28,90,89,95,91.3333,70,81,93,81.3333,81,75,85,80.3333,2.0226,1.1405,1.0096,Female,5,23,International School,150500,1.3909
29,78,100,90,89.3333,77,77,77,77,89,78,92,86.3333,1.9257,0.9575,1.2829,Female,8,77,International School,156500,1.3887
30,73,70,85,76,76,72,72,73.3333,91,91,100,94,1.2795,0.8026,1.6322,Female,11,51,Government School,59000,1.2381
31,80,84,70,78,97,95,71,87.6667,94,88,89,90.3333,1.3765,1.408,1.4651,Male,4,49,International School,62000,1.4165
32,94,91,74,86.3333,87,91,70,82.6667,87,91,99,92.3333,1.7803,1.1968,1.5562,Male,8,49,International School,162000,1.5111
33,73,75,77,75,78,99,98,91.6667,74,83,71,76,1.2311,1.5769,0.8122,Male,11,54,International School,56500,1.2067
34,75,83,75,77.6667,96,72,83,83.6667,90,91,78,86.3333,1.3603,1.239,1.2829,Male,6,31,Government School,12500,1.2941
35,72,97,79,82.6667,91,90,81,87.3333,91,96,97,94.6667,1.6026,1.3939,1.6625,Female,2,19,International School,163000,1.553
36,98,78,91,89,79,89,76,81.3333,78,93,86,85.6667,1.9095,1.1405,1.2525,Male,11,11,Government School,72500,1.4342
37,83,86,79,82.6667,97,76,82,85,72,72,77,73.6667,1.6026,1.2953,0.7059,Male,5,74,Government School,75500,1.2013
38,84,95,83,87.3333,80,85,87,84,92,96,85,91,1.8288,1.2531,1.4955,Male,7,80,Government School,25000,1.5258
39,88,94,78,86.6667,82,89,98,89.6667,75,98,90,87.6667,1.7965,1.4924,1.3437,Female,6,28,Government School,32000,1.5442
40,71,86,82,79.6667,99,93,79,90.3333,82,79,92,84.3333,1.4572,1.5206,1.1918,Female,3,71,Government School,83500,1.3899
41,83,99,77,86.3333,91,82,87,86.6667,99,82,89,90,1.7803,1.3657,1.4499,Male,11,16,Government School,12500,1.532
42,71,87,94,84,81,81,71,77.6667,85,90,82,85.6667,1.6672,0.9857,1.2525,Male,5,50,International School,96500,1.3018
43,70,78,95,81,100,70,98,89.3333,71,85,71,75.6667,1.5218,1.4783,0.797,Female,7,5,International School,45000,1.2657
44,89,93,72,84.6667,72,89,95,85.3333,90,98,72,86.6667,1.6995,1.3094,1.2981,Female,11,72,Government School,84000,1.4357
45,85,82,81,82.6667,85,96,80,87,74,91,73,79.3333,1.6026,1.3798,0.964,Male,9,40,International School,30000,1.3155
46,79,80,70,76.3333,88,98,98,94.6667,79,81,75,78.3333,1.2957,1.7036,0.9185,Female,6,18,Government School,97000,1.3059
47,73,100,84,85.6667,70,82,99,83.6667,80,73,79,77.3333,1.748,1.239,0.8729,Female,7,15,International School,83000,1.2867
48,75,74,92,80.3333,94,92,84,90,90,74,86,83.3333,1.4895,1.5065,1.1462,Male,8,15,Government School,97500,1.3808
49,72,86,98,85.3333,74,79,81,78,92,93,75,86.6667,1.7318,0.9997,1.2981,Male,7,3,Government School,11500,1.3432
50,87,94,71,84,72,83,85,80,51,59,83,64.3333,1.6672,1.0842,0.2807,Male,6,22,Government School,68000,1.0107
51,83,95,85,87.6667,86,91,70,82.3333,71,63,59,64.3333,1.8449,1.1827,0.2807,Female,10,40,Government School,43500,1.1028
52,94,88,78,86.6667,70,84,89,81,55,76,54,61.6667,1.7965,1.1264,0.1592,Female,5,50,Government School,44500,1.0274
53,72,90,75,79,96,91,98,95,68,71,66,68.3333,1.4249,1.7177,0.4629,Female,1,18,Government School,14500,1.2018
54,97,100,70,89,100,100,98,99.3333,62,59,80,67,1.9095,1.9007,0.4022,Male,1,10,International School,194000,1.4041
55,96,92,96,94.6667,79,94,88,87,63,52,58,57.6667,2.1842,1.3798,-0.023,Male,9,16,Government School,19000,1.1803
56,94,78,81,84.3333,71,94,94,86.3333,67,88,57,70.6667,1.6834,1.3517,0.5692,Female,7,76,International School,31500,1.2014
57,78,88,98,88,71,99,73,81,65,68,50,61,1.8611,1.1264,0.1288,Female,9,63,International School,84500,1.0388
58,93,94,97,94.6667,71,82,73,75.3333,60,56,57,57.6667,2.1842,0.8871,-0.023,Male,2,69,Government School,76500,1.0161
59,82,73,99,84.6667,82,100,94,92,90,71,75,78.6667,1.6995,1.591,0.9337,Male,1,47,Government School,61000,1.4081
60,99,75,99,91,77,78,100,85,89,62,66,72.3333,2.0065,1.2953,0.6451,Male,4,6,Government School,42500,1.3156
61,89,95,82,88.6667,99,70,95,88,64,52,59,58.3333,1.8934,1.422,0.0074,Male,3,79,International School,85000,1.1076
62,71,72,71,71.3333,89,82,100,90.3333,58,86,86,76.6667,1.0534,1.5206,0.8425,Female,9,19,International School,85000,1.1388
63,76,89,92,85.6667,82,81,100,87.6667,71,72,68,70.3333,1.748,1.408,0.554,Female,2,80,International School,108000,1.2367
64,82,97,80,86.3333,79,75,88,80.6667,76,70,65,70.3333,1.7803,1.1123,0.554,Male,4,39,Government School,93500,1.1489
65,74,91,100,88.3333,98,97,88,94.3333,88,65,50,67.6667,1.8772,1.6895,0.4325,Male,3,21,International School,158000,1.3331
66,97,82,74,84.3333,89,97,79,88.3333,70,60,75,68.3333,1.6834,1.4361,0.4629,Female,8,70,International School,96000,1.1941
67,93,95,79,89,75,87,99,87,85,79,86,83.3333,1.9095,1.3798,1.1462,Female,3,62,International School,39000,1.4785
68,77,98,78,84.3333,75,83,88,82,65,63,79,69,1.6834,1.1687,0.4933,Female,5,38,International School,138500,1.1151
69,95,77,83,85,87,81,77,81.6667,80,72,88,80,1.7157,1.1546,0.9944,Male,9,33,Government School,33500,1.2882
70,74,83,86,81,74,90,73,79,78,73,63,71.3333,1.5218,1.042,0.5996,Female,1,68,International School,166000,1.0545
71,93,81,83,85.6667,97,94,100,97,75,67,55,65.6667,1.748,1.8021,0.3414,Female,3,75,Government School,91500,1.2972
72,87,71,80,79.3333,81,100,91,90.6667,66,67,86,73,1.4411,1.5347,0.6755,Female,9,78,Government School,10000,1.2171
73,99,73,93,88.3333,87,95,74,85.3333,84,84,80,82.6667,1.8772,1.3094,1.1159,Male,9,56,International School,55500,1.4342
74,83,83,87,84.3333,73,88,84,81.6667,73,54,72,66.3333,1.6834,1.1546,0.3718,Female,7,78,Government School,45500,1.0699
75,72,83,72,75.6667,86,86,93,88.3333,83,80,55,72.6667,1.2634,1.4361,0.6603,Female,2,73,International School,186000,1.1199
76,62,55,88,68.3333,56,60,53,56.3333,73,99,75,82.3333,0.908,0.0847,1.1007,Female,11,44,International School,95500,0.6978
77,67,88,69,74.6667,66,82,78,75.3333,74,73,79,75.3333,1.2149,0.8871,0.7818,Male,10,67,Government School,23500,0.9613
78,65,75,52,64,51,82,64,65.6667,75,79,95,83,0.698,0.4789,1.1311,Female,10,34,International School,52000,0.7693
79,57,61,69,62.3333,74,64,70,69.3333,76,70,75,73.6667,0.6172,0.6337,0.7059,Female,8,46,International School,57000,0.6523
80,87,62,77,75.3333,73,68,74,71.6667,81,88,82,83.6667,1.2472,0.7323,1.1614,Male,7,38,International School,63000,1.047
81,77,77,83,79,70,63,84,72.3333,89,84,92,88.3333,1.4249,0.7604,1.374,Male,8,7,International School,38000,1.1865
82,64,66,88,72.6667,84,83,85,84,93,75,82,83.3333,1.118,1.2531,1.1462,Female,9,23,Government School,74000,1.1725
83,72,71,68,70.3333,80,83,64,75.6667,100,86,90,92,1.0049,0.9012,1.5411,Female,9,74,International School,189500,1.1491
84,54,53,54,53.6667,81,63,87,77,93,83,95,90.3333,0.1972,0.9575,1.4651,Male,7,32,Government School,11000,0.8733
85,76,89,70,78.3333,54,64,72,63.3333,100,88,91,93,1.3926,0.3803,1.5866,Male,11,33,International School,138000,1.1199
86,58,64,67,63,58,82,52,64,81,78,82,80.3333,0.6495,0.4085,1.0096,Female,1,19,International School,62000,0.6892
87,78,67,89,78,85,58,65,69.3333,94,98,98,96.6667,1.3765,0.6337,1.7537,Male,7,23,International School,108500,1.2546
88,51,88,65,68,74,90,60,74.6667,92,85,76,84.3333,0.8919,0.859,1.1918,Male,7,21,Government School,82000,0.9809
89,86,58,52,65.3333,90,56,50,65.3333,91,71,74,78.6667,0.7626,0.4648,0.9337,Female,10,45,Government School,50500,0.7204
90,74,72,53,66.3333,64,57,83,68,82,78,83,81,0.8111,0.5774,1.04,Female,1,13,Government School,22500,0.8095
91,72,89,66,75.6667,50,86,63,66.3333,77,87,97,87,1.2634,0.507,1.3133,Male,7,67,Government School,17500,1.0279
92,52,85,61,66,71,61,89,73.6667,74,75,85,78,0.7949,0.8167,0.9033,Female,10,66,Government School,41500,0.8383
93,74,78,71,74.3333,51,62,79,64,83,84,77,81.3333,1.1988,0.4085,1.0551,Female,7,24,Government School,91000,0.8875
94,90,65,78,77.6667,66,54,75,65,79,72,70,73.6667,1.3603,0.4507,0.7059,Male,8,65,International School,154500,0.839
95,63,53,86,67.3333,75,82,54,70.3333,87,84,87,86,0.8595,0.676,1.2677,Female,1,7,Government School,60500,0.9344
96,63,62,69,64.6667,83,67,67,72.3333,74,87,88,83,0.7303,0.7604,1.1311,Male,3,44,Government School,58500,0.8739
97,81,69,84,78,65,60,76,67,76,100,93,89.6667,1.3765,0.5352,1.4348,Female,8,10,Government School,100000,1.1155
98,52,62,71,61.6667,67,69,66,67.3333,90,95,95,93.3333,0.5849,0.5493,1.6018,Male,1,4,International School,137500,0.912
99,71,58,85,71.3333,55,74,78,69,86,99,96,93.6667,1.0534,0.6196,1.617,Male,4,76,International School,177500,1.0967
100,53,54,86,64.3333,57,63,77,65.6667,75,86,89,83.3333,0.7142,0.4789,1.1462,Female,3,49,International School,104500,0.7798
101,66,74,86,75.3333,70,70,62,67.3333,74,87,87,82.6667,1.2472,0.5493,1.1159,Male,5,79,Government School,82500,0.9708
102,75,59,89,74.3333,82,87,86,85,78,99,99,92,1.1988,1.2953,1.5411,Male,4,57,Government School,43500,1.3451
103,67,69,62,66,79,51,67,65.6667,95,78,75,82.6667,0.7949,0.4789,1.1159,Male,9,52,International School,146000,0.7966
104,65,54,79,66,71,77,64,70.6667,85,81,82,82.6667,0.7949,0.69,1.1159,Male,3,66,Government School,32000,0.8669
105,80,55,72,69,62,83,86,77,90,75,72,79,0.9403,0.9575,0.9488,Female,10,41,Government School,55500,0.9489
106,63,70,86,73,75,73,71,73,94,81,94,89.6667,1.1342,0.7886,1.4348,Male,9,11,International School,42500,1.1192
107,87,80,78,81.6667,59,55,87,67,72,73,95,80,1.5542,0.5352,0.9944,Male,11,67,Government School,43000,1.0279
108,55,78,70,67.6667,77,85,63,75,96,100,84,93.3333,0.8757,0.873,1.6018,Female,2,31,Government School,86500,1.1168
109,87,86,61,78,90,87,64,80.3333,86,92,97,91.6667,1.3765,1.0983,1.5259,Male,4,30,International School,132000,1.3335
110,69,90,58,72.3333,81,50,60,63.6667,83,78,100,87,1.1018,0.3944,1.3133,Male,10,54,International School,78000,0.9365
111,67,84,76,75.6667,75,53,71,66.3333,92,76,88,85.3333,1.2634,0.507,1.2374,Male,2,77,Government School,87000,1.0026
112,79,78,84,80.3333,78,53,83,71.3333,81,99,80,86.6667,1.4895,0.7182,1.2981,Male,4,66,International School,125000,1.1686
113,79,58,66,67.6667,53,87,62,67.3333,76,91,98,88.3333,0.8757,0.5493,1.374,Female,3,5,Government School,95500,0.933
114,54,83,69,68.6667,58,65,69,64,95,98,86,93,0.9242,0.4085,1.5866,Male,3,75,International School,52500,0.9731
115,67,53,60,60,69,82,60,70.3333,83,71,81,78.3333,0.5042,0.676,0.9185,Female,5,57,Government School,52500,0.6995
116,58,79,67,68,87,65,68,73.3333,83,71,99,84.3333,0.8919,0.8026,1.1918,Male,7,45,Government School,59500,0.9621
117,66,67,68,67,68,51,85,68,85,70,95,83.3333,0.8434,0.5774,1.1462,Male,1,74,Government School,58500,0.8557
118,74,78,51,67.6667,71,55,80,68.6667,92,99,88,93,0.8757,0.6056,1.5866,Male,3,37,Government School,33000,1.0226
119,81,73,66,73.3333,58,72,54,61.3333,83,87,94,88,1.1503,0.2959,1.3588,Male,9,46,International School,120000,0.935
120,65,80,54,66.3333,63,88,66,72.3333,75,95,88,86,0.8111,0.7604,1.2677,Male,10,45,International School,116000,0.9464
121,54,71,71,65.3333,89,87,54,76.6667,90,95,72,85.6667,0.7626,0.9434,1.2525,Female,4,39,Government School,76000,0.9862
122,60,87,75,74,88,57,66,70.3333,76,92,90,86,1.1826,0.676,1.2677,Female,6,46,Government School,32500,1.0421
123,61,76,53,63.3333,57,64,61,60.6667,81,80,93,84.6667,0.6657,0.2677,1.207,Male,11,10,International School,137000,0.7135
124,63,56,68,62.3333,80,63,77,73.3333,97,70,73,80,0.6172,0.8026,0.9944,Female,5,36,International School,189500,0.8048
125,68,63,60,63.6667,51,87,88,75.3333,97,93,70,86.6667,0.6819,0.8871,1.2981,Male,1,72,International School,89500,0.9557
126,51,61,80,64,54,64,68,62,80,91,72,81,0.698,0.324,1.04,Female,11,11,Government School,65500,0.6873
127,77,53,61,63.6667,56,63,50,56.3333,84,85,75,81.3333,0.6819,0.0847,1.0551,Female,4,58,Government School,13500,0.6072
128,57,53,87,65.6667,58,84,66,69.3333,88,93,85,88.6667,0.7788,0.6337,1.3892,Male,6,4,Government School,32500,0.9339
129,61,59,51,57,90,61,62,71,95,87,84,88.6667,0.3588,0.7041,1.3892,Female,4,17,International School,199500,0.8174
130,83,72,69,74.6667,66,52,78,65.3333,73,95,91,86.3333,1.2149,0.4648,1.2829,Male,1,54,International School,161500,0.9875
131,65,66,65,65.3333,64,70,82,72,78,99,80,85.6667,0.7626,0.7463,1.2525,Male,2,47,International School,54000,0.9205
132,77,89,84,83.3333,89,67,58,71.3333,90,77,97,88,1.6349,0.7182,1.3588,Female,2,12,International School,162500,1.2373
133,69,63,75,69,71,75,87,77.6667,93,84,79,85.3333,0.9403,0.9857,1.2374,Female,8,36,International School,116500,1.0544
134,70,84,62,72,83,77,66,75.3333,70,70,74,71.3333,1.0857,0.8871,0.5996,Male,7,54,International School,148000,0.8575
135,66,78,68,70.6667,70,86,85,80.3333,72,73,91,78.6667,1.0211,1.0983,0.9337,Male,1,74,Government School,45500,1.0177
136,53,62,59,58,65,50,66,60.3333,97,94,71,87.3333,0.4072,0.2536,1.3285,Male,9,41,Government School,9500,0.6631
137,60,67,90,72.3333,82,53,67,67.3333,100,79,92,90.3333,1.1018,0.5493,1.4651,Male,4,13,International School,87000,1.0387
138,84,89,57,76.6667,74,66,58,66,70,74,88,77.3333,1.3118,0.493,0.8729,Female,2,14,International School,123500,0.8926
139,69,57,66,64,50,86,62,66,92,74,80,82,0.698,0.493,1.0855,Female,3,9,International School,135000,0.7588
140,59,64,81,68,66,89,63,72.6667,75,97,84,85.3333,0.8919,0.7745,1.2374,Male,7,14,Government School,26000,0.9679
141,60,63,83,68.6667,88,89,74,83.6667,93,96,76,88.3333,0.9242,1.239,1.374,Male,7,54,International School,30000,1.1791
142,59,56,57,57.3333,52,53,57,54,75,80,85,80,0.3749,-0.0138,0.9944,Female,3,30,International School,84500,0.4518
143,78,56,72,68.6667,89,84,60,77.6667,75,87,87,83,0.9242,0.9857,1.1311,Female,1,69,International School,125000,1.0136
144,77,63,62,67.3333,71,52,65,62.6667,75,72,72,73,0.8595,0.3522,0.6755,Male,2,2,International School,174500,0.6291
145,85,54,57,65.3333,82,66,56,68,86,99,82,89,0.7626,0.5774,1.4044,Male,5,60,Government School,76000,0.9148
146,62,79,88,76.3333,80,85,65,76.6667,72,90,99,87,1.2957,0.9434,1.3133,Female,2,11,International School,195000,1.1841
147,86,85,51,74,74,78,54,68.6667,83,100,81,88,1.1826,0.6056,1.3588,Male,6,5,Government School,58500,1.049
148,76,60,77,71,73,82,61,72,86,82,98,88.6667,1.0372,0.7463,1.3892,Male,10,1,Government School,57500,1.0576
149,81,56,76,71,85,62,62,69.6667,77,86,100,87.6667,1.0372,0.6478,1.3437,Male,8,25,International School,66000,1.0096
150,9,44,6,19.6667,10,32,10,17.3333,27,12,42,27,-1.4504,-1.5623,-1.42,Male,7,74,International School,159500,-1.4776
151,13,31,1,15,5,50,12,22.3333,40,22,48,36.6667,-1.6766,-1.3511,-0.9797,Female,2,16,Government School,55000,-1.3358
152,19,33,25,25.6667,13,15,49,25.6667,3,3,32,12.6667,-1.1597,-1.2104,-2.073,Male,3,29,International School,78500,-1.481
153,31,49,8,29.3333,20,28,48,32,47,6,30,27.6667,-0.982,-0.9429,-1.3897,Male,3,61,Government School,82500,-1.1049
154,41,32,8,27,39,30,4,24.3333,31,4,42,25.6667,-1.0951,-1.2667,-1.4808,Female,8,15,International School,61500,-1.2808
155,25,16,29,23.3333,34,45,6,28.3333,46,25,29,33.3333,-1.2728,-1.0978,-1.1315,Male,3,79,International School,114000,-1.1673
156,38,29,29,32,44,45,21,36.6667,5,43,46,31.3333,-0.8528,-0.7458,-1.2226,Female,4,64,Government School,65000,-0.9404
157,30,32,44,35.3333,13,14,37,21.3333,33,46,9,29.3333,-0.6912,-1.3934,-1.3137,Female,7,48,Government School,84500,-1.1328
158,2,12,11,8.3333,43,5,10,19.3333,27,16,37,26.6667,-1.9997,-1.4778,-1.4352,Male,3,50,Government School,94000,-1.6376
159,40,50,8,32.6667,6,14,26,15.3333,7,7,7,7,-0.8205,-1.6468,-2.3311,Male,7,21,International School,98000,-1.5994
160,45,29,41,38.3333,24,24,31,26.3333,27,38,32,32.3333,-0.5458,-1.1822,-1.1771,Female,1,33,International School,184500,-0.9684
161,20,9,13,14,25,44,6,25,46,27,28,33.6667,-1.7251,-1.2385,-1.1163,Female,2,11,International School,172500,-1.36
162,13,14,22,16.3333,0,6,18,8,8,29,42,26.3333,-1.612,-1.9564,-1.4504,Male,8,71,Government School,28500,-1.6729
163,14,49,5,22.6667,30,46,19,31.6667,12,41,1,18,-1.3051,-0.957,-1.83,Male,4,65,Government School,71500,-1.364
164,8,24,38,23.3333,2,20,17,13,14,47,21,27.3333,-1.2728,-1.7453,-1.4048,Female,1,7,International School,33000,-1.4743
165,21,49,10,26.6667,5,12,17,11.3333,40,6,4,16.6667,-1.1112,-1.8157,-1.8908,Female,4,74,International School,127500,-1.6059
166,4,5,10,6.3333,9,6,22,12.3333,47,46,44,45.6667,-2.0966,-1.7734,-0.5697,Female,6,74,Government School,50500,-1.4799
167,36,38,47,40.3333,16,39,47,34,36,14,37,29,-0.4489,-0.8584,-1.3289,Female,2,69,Government School,26000,-0.8788
168,10,16,26,17.3333,4,30,8,14,30,17,1,16,-1.5635,-1.7031,-1.9211,Female,3,69,Government School,92500,-1.7292
169,32,4,10,15.3333,27,26,36,29.6667,49,32,19,33.3333,-1.6604,-1.0414,-1.1315,Male,5,9,International School,141000,-1.2778
170,21,27,49,32.3333,32,25,17,24.6667,23,30,34,29,-0.8366,-1.2526,-1.3289,Male,1,46,International School,153000,-1.1394
171,46,19,28,31,29,26,43,32.6667,16,43,9,22.6667,-0.9012,-0.9147,-1.6174,Female,1,39,International School,106500,-1.1445
172,2,38,0,13.3333,35,14,13,20.6667,20,27,47,31.3333,-1.7574,-1.4215,-1.2226,Female,2,56,International School,39000,-1.4672
173,30,12,27,23,36,6,26,22.6667,47,26,20,31,-1.2889,-1.3371,-1.2378,Female,8,5,Government School,12000,-1.2879
174,13,37,29,26.3333,12,12,46,23.3333,32,35,10,25.6667,-1.1274,-1.3089,-1.4808,Female,3,17,Government School,79000,-1.3057
175,35,11,36,27.3333,3,26,39,22.6667,28,27,1,18.6667,-1.0789,-1.3371,-1.7997,Female,2,4,Government School,61000,-1.4052
176,20,45,34,33,23,2,15,13.3333,7,35,22,21.3333,-0.8043,-1.7312,-1.6782,Male,11,13,International School,61000,-1.4046
177,2,41,45,29.3333,40,8,15,21,50,11,31,30.6667,-0.982,-1.4074,-1.253,Male,6,80,Government School,49500,-1.2141
178,18,46,49,37.6667,26,32,25,27.6667,43,43,48,44.6667,-0.5781,-1.1259,-0.6152,Female,2,44,International School,70000,-0.7731
179,4,47,33,28,45,0,20,21.6667,32,36,18,28.6667,-1.0466,-1.3793,-1.3441,Male,4,30,International School,160500,-1.2567
180,13,47,18,26,44,35,19,32.6667,11,7,25,14.3333,-1.1435,-0.9147,-1.9971,Male,7,79,Government School,38000,-1.3518
181,22,3,15,13.3333,22,27,40,29.6667,25,50,22,32.3333,-1.7574,-1.0414,-1.1771,Male,5,24,International School,107500,-1.3253
182,31,12,34,25.6667,16,28,21,21.6667,40,16,16,24,-1.1597,-1.3793,-1.5567,Female,1,38,Government School,97500,-1.3652
183,36,49,29,38,18,31,45,31.3333,42,9,42,31,-0.562,-0.9711,-1.2378,Female,9,18,Government School,43500,-0.9236
184,7,3,46,18.6667,35,23,14,24,0,18,45,21,-1.4989,-1.2808,-1.6934,Male,6,22,Government School,42000,-1.491
185,45,45,44,44.6667,21,39,29,29.6667,9,44,9,20.6667,-0.2389,-1.0414,-1.7086,Female,1,78,Government School,30500,-0.9963
186,34,22,7,21,15,39,34,29.3333,46,4,39,29.6667,-1.3858,-1.0555,-1.2986,Male,1,28,Government School,83000,-1.2466
187,40,46,20,35.3333,5,15,36,18.6667,16,36,27,26.3333,-0.6912,-1.506,-1.4504,Male,4,37,Government School,15000,-1.2159
188,45,4,31,26.6667,3,29,15,15.6667,22,50,30,34,-1.1112,-1.6327,-1.1011,Male,3,49,Government School,72000,-1.2817
189,30,16,2,16,43,46,29,39.3333,42,22,42,35.3333,-1.6281,-0.6332,-1.0404,Female,3,78,International School,89000,-1.1006
190,5,10,21,12,3,0,16,6.3333,44,29,8,27,-1.822,-2.0268,-1.42,Male,6,63,International School,87500,-1.7563
191,11,21,8,13.3333,50,25,43,39.3333,33,47,43,41,-1.7574,-0.6332,-0.7823,Female,10,70,Government School,24500,-1.0576
192,44,48,36,42.6667,45,45,25,38.3333,0,28,41,23,-0.3358,-0.6754,-1.6023,Male,9,0,International School,56000,-0.8712
193,46,50,50,48.6667,23,11,41,25,37,29,10,25.3333,-0.0451,-1.2385,-1.496,Male,7,8,International School,60500,-0.9265
194,49,4,5,19.3333,30,42,4,25.3333,33,6,18,19,-1.4666,-1.2244,-1.7845,Female,1,19,International School,78500,-1.4918
195,23,23,18,21.3333,42,1,36,26.3333,27,9,18,18,-1.3697,-1.1822,-1.83,Female,1,50,Government School,47500,-1.4606
196,18,24,28,23.3333,23,35,28,28.6667,10,41,37,29.3333,-1.2728,-1.0837,-1.3137,Male,7,45,International School,65500,-1.2234
197,8,37,12,19,34,11,18,21,7,41,19,22.3333,-1.4828,-1.4074,-1.6326,Male,6,56,International School,137000,-1.5076
198,26,1,18,15,27,36,8,23.6667,27,45,35,35.6667,-1.6766,-1.2948,-1.0252,Female,7,45,International School,119000,-1.3322
199,46,49,22,39,11,48,23,27.3333,32,20,13,21.6667,-0.5135,-1.14,-1.663,Male,11,42,International School,102500,-1.1055
200,56,45,46,49,58,63,39,53.3333,45,68,57,56.6667,-0.0289,-0.042,-0.0686,Male,7,46,Government School,67000,-0.0465
201,53,40,35,42.6667,46,37,59,47.3333,46,31,37,38,-0.3358,-0.2954,-0.9189,Male,3,15,International School,99000,-0.5167
202,57,59,58,58,64,31,53,49.3333,43,45,33,40.3333,0.4072,-0.2109,-0.8126,Female,10,67,Government School,70500,-0.2054
203,35,51,41,42.3333,39,53,35,42.3333,59,61,58,59.3333,-0.352,-0.5065,0.0529,Male,6,11,International School,55500,-0.2685
204,68,65,53,62,63,65,63,63.6667,52,40,41,44.3333,0.6011,0.3944,-0.6304,Male,7,63,International School,194000,0.1217
205,43,30,58,43.6667,44,35,49,42.6667,67,55,62,61.3333,-0.2874,-0.4924,0.144,Male,4,51,International School,124000,-0.2119
206,49,59,40,49.3333,45,65,53,54.3333,31,42,43,38.6667,-0.0128,0.0003,-0.8886,Male,1,29,International School,145000,-0.3004
207,36,31,38,35,55,41,64,53.3333,34,56,50,46.6667,-0.7074,-0.042,-0.5241,Female,6,11,International School,88000,-0.4245
208,55,31,63,49.6667,69,40,61,56.6667,43,40,56,46.3333,0.0034,0.0988,-0.5393,Male,2,75,International School,175000,-0.1457
209,67,56,64,62.3333,67,36,55,52.6667,32,56,42,43.3333,0.6172,-0.0701,-0.676,Male,2,51,Government School,20000,-0.043
210,37,60,36,44.3333,39,45,52,45.3333,37,30,68,45,-0.2551,-0.3798,-0.6,Female,2,8,Government School,27000,-0.4116
211,50,32,67,49.6667,55,50,38,47.6667,60,61,50,57,0.0034,-0.2813,-0.0534,Male,3,47,Government School,60500,-0.1104
212,49,39,63,50.3333,58,65,51,58,58,55,47,53.3333,0.0357,0.1551,-0.2204,Male,3,34,Government School,55000,-0.0099
213,34,46,45,41.6667,47,68,49,54.6667,31,54,34,39.6667,-0.3843,0.0143,-0.843,Female,8,18,Government School,14500,-0.4043
214,46,56,60,54,48,34,68,50,47,68,66,60.3333,0.2134,-0.1827,0.0985,Male,7,10,International School,69500,0.043
215,49,68,58,58.3333,59,50,57,55.3333,36,69,42,49,0.4234,0.0425,-0.4178,Male,10,0,International School,109500,0.016
216,56,30,45,43.6667,41,56,32,43,36,40,68,48,-0.2874,-0.4784,-0.4634,Male,7,31,Government School,77000,-0.4097
217,35,69,35,46.3333,44,38,35,39,35,57,42,44.6667,-0.1581,-0.6473,-0.6152,Male,11,53,Government School,98500,-0.4736
218,42,36,58,45.3333,57,65,44,55.3333,49,44,45,46,-0.2066,0.0425,-0.5545,Male,8,73,Government School,90500,-0.2395
219,48,44,63,51.6667,55,49,33,45.6667,53,61,38,50.6667,0.1003,-0.3657,-0.3419,Male,7,56,International School,136500,-0.2024
220,40,52,51,47.6667,45,43,47,45,45,66,41,50.6667,-0.0935,-0.3939,-0.3419,Female,5,46,International School,168000,-0.2764
221,62,67,54,61,56,60,50,55.3333,62,56,31,49.6667,0.5526,0.0425,-0.3874,Female,7,9,Government School,50500,0.0692
222,69,55,30,51.3333,66,55,53,58,49,49,61,53,0.0842,0.1551,-0.2356,Female,1,13,International School,88000,0.0012
223,52,43,50,48.3333,43,61,66,56.6667,51,32,37,40,-0.0612,0.0988,-0.8278,Male,10,51,Government School,29000,-0.2634
224,32,48,50,43.3333,53,56,49,52.6667,49,64,66,59.6667,-0.3035,-0.0701,0.0681,Female,11,3,International School,132500,-0.1019
225,38,40,35,37.6667,66,53,31,50,70,33,33,45.3333,-0.5781,-0.1827,-0.5849,Male,9,49,International School,195500,-0.4486
226,41,40,70,50.3333,64,35,70,56.3333,41,45,57,47.6667,0.0357,0.0847,-0.4786,Female,6,4,International School,181500,-0.1194
227,34,46,50,43.3333,60,45,66,57,58,36,54,49.3333,-0.3035,0.1129,-0.4026,Female,7,7,Government School,99500,-0.1978
228,42,43,66,50.3333,55,69,69,64.3333,55,47,66,56,0.0357,0.4226,-0.0989,Male,8,66,Government School,15000,0.1198
229,63,64,67,64.6667,54,68,49,57,62,46,58,55.3333,0.7303,0.1129,-0.1293,Female,1,2,Government School,44500,0.238
230,49,52,64,55,55,63,37,51.6667,63,60,35,52.6667,0.2619,-0.1124,-0.2508,Female,9,37,International School,163500,-0.0338
231,43,61,49,51,53,34,57,48,60,41,51,50.6667,0.068,-0.2672,-0.3419,Male,6,71,International School,143500,-0.1804
232,56,32,57,48.3333,70,38,47,51.6667,53,33,56,47.3333,-0.0612,-0.1124,-0.4937,Male,11,77,Government School,81000,-0.2224
233,60,30,65,51.6667,62,41,60,54.3333,50,61,69,60,0.1003,0.0003,0.0833,Male,3,63,International School,179000,0.0613
234,38,43,35,38.6667,57,61,36,51.3333,41,48,53,47.3333,-0.5297,-0.1264,-0.4937,Female,2,54,Government School,57000,-0.3833
235,40,50,38,42.6667,61,52,43,52,65,35,50,50,-0.3358,-0.0983,-0.3723,Female,11,28,Government School,57500,-0.2688
236,70,43,38,50.3333,56,35,39,43.3333,64,62,47,57.6667,0.0357,-0.4643,-0.023,Female,4,60,International School,90500,-0.1505
237,56,64,37,52.3333,47,46,67,53.3333,36,59,32,42.3333,0.1326,-0.042,-0.7215,Female,4,60,International School,93000,-0.2103
238,34,64,61,53,33,49,35,39,57,49,47,51,0.1649,-0.6473,-0.3267,Male,9,35,Government School,46000,-0.2697
239,39,54,33,42,48,31,43,40.6667,62,50,68,60,-0.3681,-0.5769,0.0833,Male,11,15,International School,87000,-0.2873
240,62,49,63,58,47,69,64,60,60,57,38,51.6667,0.4072,0.2396,-0.2963,Female,11,74,Government School,60000,0.1168
241,46,65,65,58.6667,52,44,34,43.3333,44,60,31,45,0.4395,-0.4643,-0.6,Male,6,70,International School,158000,-0.2083
242,69,38,64,57,39,41,30,36.6667,44,40,59,47.6667,0.3588,-0.7458,-0.4786,Male,10,62,Government School,14500,-0.2885
243,39,44,59,47.3333,34,67,40,47,43,38,57,46,-0.1097,-0.3094,-0.5545,Male,4,24,Government School,92500,-0.3245
244,34,50,70,51.3333,49,64,32,48.3333,38,38,52,42.6667,0.0842,-0.2531,-0.7063,Female,1,70,Government School,12000,-0.2918
245,40,57,41,46,52,54,33,46.3333,49,45,59,51,-0.1743,-0.3376,-0.3267,Male,4,30,Government School,91500,-0.2795
246,54,67,31,50.6667,50,37,42,43,70,32,66,56,0.0519,-0.4784,-0.0989,Male,6,43,Government School,76500,-0.1751
247,55,46,46,49,60,31,38,43,30,30,66,42,-0.0289,-0.4784,-0.7367,Male,10,57,Government School,33000,-0.4147
248,54,50,59,54.3333,54,54,58,55.3333,54,52,45,50.3333,0.2295,0.0425,-0.3571,Female,10,20,Government School,57000,-0.0283
249,45,43,50,46,50,56,61,55.6667,59,39,54,50.6667,-0.1743,0.0566,-0.3419,Female,8,45,Government School,8500,-0.1532
250,58,31,56,48.3333,51,40,47,46,34,40,42,38.6667,-0.0612,-0.3517,-0.8886,Male,7,80,International School,154000,-0.4338
251,56,48,67,57,32,54,63,49.6667,69,58,51,59.3333,0.3588,-0.1968,0.0529,Female,2,44,Government School,74000,0.0716
252,36,35,40,37,31,42,36,36.3333,65,35,47,49,-0.6105,-0.7599,-0.4178,Male,10,11,Government School,67000,-0.5961
253,66,68,48,60.6667,49,54,42,48.3333,61,37,32,43.3333,0.5365,-0.2531,-0.676,Male,11,16,Government School,10500,-0.1309
254,54,59,51,54.6667,50,67,37,51.3333,61,53,52,55.3333,0.2457,-0.1264,-0.1293,Male,4,10,International School,186000,-0.0033
255,57,31,30,39.3333,49,70,61,60,59,58,31,49.3333,-0.4974,0.2396,-0.4026,Female,7,18,Government School,67500,-0.2201
256,57,61,31,49.6667,56,55,33,48,60,51,47,52.6667,0.0034,-0.2672,-0.2508,Male,3,58,Government School,69500,-0.1715
257,31,50,41,40.6667,61,36,61,52.6667,49,47,63,53,-0.4328,-0.0701,-0.2356,Female,11,0,International School,184500,-0.2462
258,33,64,53,50,30,67,55,50.6667,40,38,35,37.6667,0.0195,-0.1546,-0.9341,Male,4,50,Government School,31500,-0.3564
259,49,49,56,51.3333,37,40,64,47,67,59,51,59,0.0842,-0.3094,0.0377,Female,8,4,Government School,83000,-0.0625
260,37,54,61,50.6667,40,68,59,55.6667,42,68,40,50,0.0519,0.0566,-0.3723,Female,4,59,Government School,79000,-0.0879
261,57,51,47,51.6667,44,32,36,37.3333,35,43,41,39.6667,0.1003,-0.7177,-0.843,Female,11,23,Government School,39000,-0.4868
262,41,63,68,57.3333,37,33,31,33.6667,67,51,39,52.3333,0.3749,-0.8725,-0.266,Male,9,78,Government School,11500,-0.2545
263,43,45,57,48.3333,57,33,62,50.6667,32,44,53,43,-0.0612,-0.1546,-0.6911,Male,4,20,Government School,61500,-0.3023
264,59,53,50,54,54,33,50,45.6667,63,42,36,47,0.2134,-0.3657,-0.5089,Female,5,75,Government School,26000,-0.2204
265,40,45,48,44.3333,70,59,64,64.3333,55,56,68,59.6667,-0.2551,0.4226,0.0681,Male,9,58,Government School,82500,0.0785
266,35,34,40,36.3333,67,60,36,54.3333,43,41,65,49.6667,-0.6428,0.0003,-0.3874,Male,1,20,International School,85500,-0.3433
267,42,39,33,38,32,48,50,43.3333,31,32,62,41.6667,-0.562,-0.4643,-0.7519,Female,10,38,Government School,84000,-0.5927
268,44,38,61,47.6667,33,49,31,37.6667,64,62,39,55,-0.0935,-0.7036,-0.1445,Male,10,35,International School,53500,-0.3139
269,69,55,65,63,40,38,44,40.6667,63,46,70,59.6667,0.6495,-0.5769,0.0681,Female,7,6,International School,72000,0.0469
270,34,55,62,50.3333,46,58,67,57,53,49,57,53,0.0357,0.1129,-0.2356,Female,7,77,Government School,55000,-0.029
271,37,69,70,58.6667,34,63,61,52.6667,52,66,52,56.6667,0.4395,-0.0701,-0.0686,Male,1,71,Government School,30000,0.1003
272,44,35,53,44,60,37,41,46,58,70,33,53.6667,-0.2712,-0.3517,-0.2052,Female,7,79,International School,133000,-0.276
273,43,59,58,53.3333,35,61,47,47.6667,44,65,69,59.3333,0.1811,-0.2813,0.0529,Female,5,41,International School,169500,-0.0158
274,63,59,33,51.6667,55,47,70,57.3333,32,59,33,41.3333,0.1003,0.127,-0.7671,Male,11,5,International School,146000,-0.1799
275,40,64,41,48.3333,49,43,33,41.6667,64,67,46,59,-0.0612,-0.5347,0.0377,Female,2,68,Government School,47000,-0.1861
276,44,33,67,48,31,58,57,48.6667,70,67,57,64.6667,-0.0774,-0.2391,0.2959,Male,11,46,Government School,59500,-0.0068
277,34,51,51,45.3333,65,41,31,45.6667,42,43,66,50.3333,-0.2066,-0.3657,-0.3571,Male,2,21,International School,118500,-0.3098
278,64,53,30,49,42,31,65,46,35,31,30,32,-0.0289,-0.3517,-1.1923,Male,10,53,International School,107000,-0.5243
279,44,50,31,41.6667,35,68,61,54.6667,46,70,49,55,-0.3843,0.0143,-0.1445,Female,4,61,Government School,71000,-0.1715
280,60,45,57,54,38,68,44,50,56,68,47,57,0.2134,-0.1827,-0.0534,Female,3,72,Government School,33500,-0.0076
281,45,51,65,53.6667,52,70,44,55.3333,56,48,40,48,0.1972,0.0425,-0.4634,Female,7,11,Government School,79500,-0.0745
282,46,51,61,52.6667,41,30,37,36,31,54,63,49.3333,0.1488,-0.774,-0.4026,Male,9,80,Government School,52500,-0.3426
283,66,34,47,49,38,65,70,57.6667,31,44,63,46,-0.0289,0.141,-0.5545,Female,9,49,International School,182000,-0.1475
284,65,37,65,55.6667,68,62,37,55.6667,31,36,61,42.6667,0.2942,0.0566,-0.7063,Male,5,0,International School,78000,-0.1185
285,35,38,61,44.6667,53,63,57,57.6667,54,45,58,52.3333,-0.2389,0.141,-0.266,Male,2,25,International School,135500,-0.1213
286,37,68,61,55.3333,45,56,30,43.6667,55,45,34,44.6667,0.278,-0.4502,-0.6152,Male,6,35,International School,159000,-0.2625
287,67,54,68,63,42,31,40,37.6667,35,41,38,38,0.6495,-0.7036,-0.9189,Female,11,56,International School,49500,-0.3243
288,47,53,49,49.6667,64,58,49,57,63,49,38,50,0.0034,0.1129,-0.3723,Male,11,61,Government School,19000,-0.0853
289,31,54,60,48.3333,63,45,39,49,41,49,64,51.3333,-0.0612,-0.225,-0.3115,Female,5,74,Government School,87500,-0.1992
290,43,56,67,55.3333,57,65,69,63.6667,32,64,53,49.6667,0.278,0.3944,-0.3874,Female,3,7,Government School,88500,0.095
291,69,65,68,67.3333,38,43,69,50,46,38,31,38.3333,0.8595,-0.1827,-0.9037,Male,5,21,International School,107500,-0.0756
292,69,56,36,53.6667,52,61,51,54.6667,60,68,34,54,0.1972,0.0143,-0.19,Female,4,61,Government School,77000,0.0072
293,34,33,67,44.6667,63,46,67,58.6667,39,67,30,45.3333,-0.2389,0.1833,-0.5849,Female,7,46,Government School,55500,-0.2135
294,34,39,66,46.3333,45,39,65,49.6667,43,36,33,37.3333,-0.1581,-0.1968,-0.9493,Male,4,68,International School,72500,-0.4348
295,66,53,37,52,33,62,49,48,41,59,49,49.6667,0.1165,-0.2672,-0.3874,Male,10,13,International School,38000,-0.1794
296,66,40,35,47,70,63,45,59.3333,54,35,39,42.6667,-0.1258,0.2114,-0.7063,Female,6,35,Government School,87500,-0.2069
297,44,55,32,43.6667,39,47,66,50.6667,44,60,43,49,-0.2874,-0.1546,-0.4178,Female,8,5,International School,32000,-0.2866
298,48,48,46,47.3333,48,32,42,40.6667,63,54,66,61,-0.1097,-0.5769,0.1288,Male,5,32,Government School,17000,-0.1859
299,30,53,57,46.6667,44,67,47,52.6667,34,59,58,50.3333,-0.142,-0.0701,-0.3571,Female,9,19,Government School,35500,-0.1897
300,4,12,31,15.6667,3,43,21,22.3333,79,100,95,91.3333,-1.6443,-1.3511,1.5107,Female,2,16,Government School,42500,-0.4949
301,37,18,37,30.6667,16,4,25,15,87,91,98,92,-0.9174,-1.6608,1.5411,Male,4,66,International School,149000,-0.3457
302,14,13,47,24.6667,48,0,22,23.3333,73,86,83,80.6667,-1.2081,-1.3089,1.0248,Female,7,13,International School,111000,-0.4974
303,10,34,46,30,44,1,39,28,76,95,94,88.3333,-0.9497,-1.1118,1.374,Male,9,12,Government School,84000,-0.2292
304,36,40,10,28.6667,28,16,25,23,81,96,80,85.6667,-1.0143,-1.323,1.2525,Male,6,53,International School,111000,-0.3616
305,37,23,45,35,31,27,13,23.6667,90,94,77,87,-0.7074,-1.2948,1.3133,Female,6,53,Government School,84500,-0.2296
306,1,10,47,19.3333,42,44,6,30.6667,75,95,78,82.6667,-1.4666,-0.9992,1.1159,Male,2,75,International School,194500,-0.45
307,48,3,8,19.6667,39,12,29,26.6667,95,100,74,89.6667,-1.4504,-1.1681,1.4348,Male,2,51,Government School,52000,-0.3946
308,48,24,36,36,31,45,31,35.6667,76,74,87,79,-0.6589,-0.7881,0.9488,Female,7,43,Government School,64500,-0.166
309,38,34,21,31,1,46,5,17.3333,95,94,71,86.6667,-0.9012,-1.5623,1.2981,Male,3,63,International School,84500,-0.3885
310,49,41,13,34.3333,4,23,8,11.6667,80,90,88,86,-0.7397,-1.8016,1.2677,Female,1,44,Government School,80000,-0.4245
311,33,8,26,22.3333,38,44,2,28,88,83,77,82.6667,-1.3212,-1.1118,1.1159,Female,10,36,Government School,13500,-0.4391
312,28,48,2,26,18,41,23,27.3333,88,71,77,78.6667,-1.1435,-1.14,0.9337,Male,4,32,Government School,86000,-0.45
313,6,44,37,29,14,50,3,22.3333,80,78,88,82,-0.9981,-1.3511,1.0855,Male,7,30,Government School,21500,-0.4213
314,29,40,3,24,20,5,12,12.3333,84,75,95,84.6667,-1.2404,-1.7734,1.207,Male,9,41,Government School,84000,-0.6023
315,15,47,3,21.6667,39,31,34,34.6667,84,100,78,87.3333,-1.3535,-0.8303,1.3285,Female,5,22,Government School,94500,-0.2851
316,37,43,25,35,43,2,26,23.6667,72,79,70,73.6667,-0.7074,-1.2948,0.7059,Male,2,14,Government School,85000,-0.4321
317,27,25,28,26.6667,25,21,26,24,70,94,71,78.3333,-1.1112,-1.2808,0.9185,Male,5,64,Government School,84500,-0.4912
318,10,24,2,12,39,18,47,34.6667,98,82,77,85.6667,-1.822,-0.8303,1.2525,Male,8,18,Government School,82500,-0.4666
319,34,12,21,22.3333,33,47,41,40.3333,84,100,97,93.6667,-1.3212,-0.591,1.617,Male,10,60,Government School,48500,-0.0984
320,49,35,12,32,49,0,12,20.3333,90,96,91,92.3333,-0.8528,-1.4356,1.5562,Female,6,53,Government School,26000,-0.244
321,0,1,5,2,21,4,41,22,74,89,83,82,-2.3066,-1.3652,1.0855,Female,2,13,Government School,41500,-0.8621
322,50,18,19,29,37,9,40,28.6667,98,89,94,93.6667,-0.9981,-1.0837,1.617,Male,6,15,Government School,52000,-0.1549
323,46,47,15,36,32,8,34,24.6667,92,98,77,89,-0.6589,-1.2526,1.4044,Female,10,40,International School,135500,-0.169
324,42,17,45,34.6667,23,23,40,28.6667,79,75,81,78.3333,-0.7235,-1.0837,0.9185,Male,10,13,International School,190000,-0.2962
325,6,6,19,10.3333,48,4,41,31,94,70,80,81.3333,-1.9028,-0.9851,1.0551,Female,6,56,International School,66000,-0.6109
326,13,38,40,30.3333,15,47,45,35.6667,95,89,90,91.3333,-0.9335,-0.7881,1.5107,Female,4,70,International School,82500,-0.0703
327,28,11,48,29,40,46,50,45.3333,83,80,80,81,-0.9981,-0.3798,1.04,Male,10,49,International School,41500,-0.1127
328,39,33,32,34.6667,47,42,36,41.6667,86,96,76,86,-0.7235,-0.5347,1.2677,Male,4,28,Government School,31500,0.0032
329,9,25,24,19.3333,28,26,49,34.3333,78,89,81,82.6667,-1.4666,-0.8444,1.1159,Female,9,12,International School,71500,-0.3984
330,33,1,13,15.6667,4,33,3,13.3333,76,78,88,80.6667,-1.6443,-1.7312,1.0248,Male,6,39,International School,179500,-0.7836
331,10,37,3,16.6667,49,44,20,37.6667,87,99,87,91,-1.5958,-0.7036,1.4955,Male,7,9,International School,121500,-0.268
332,49,19,28,32,41,24,21,28.6667,79,73,76,76,-0.8528,-1.0837,0.8122,Male,2,21,Government School,26000,-0.3748
333,9,16,8,11,8,44,23,25,83,97,86,88.6667,-1.8704,-1.2385,1.3892,Female,11,22,Government School,31500,-0.5733
334,28,40,38,35.3333,11,14,30,18.3333,78,78,83,79.6667,-0.6912,-1.5201,0.9792,Female,8,42,International School,46000,-0.4107
335,21,30,9,20,0,34,34,22.6667,79,96,72,82.3333,-1.4343,-1.3371,1.1007,Female,8,24,International School,137000,-0.5569
336,17,0,15,10.6667,23,50,26,33,93,93,92,92.6667,-1.8866,-0.9007,1.5714,Male,6,17,Government School,42000,-0.4053
337,26,21,16,21,40,28,21,29.6667,93,85,87,88.3333,-1.3858,-1.0414,1.374,Female,4,79,International School,61500,-0.3511
338,32,4,16,17.3333,20,26,11,19,92,84,85,87,-1.5635,-1.4919,1.3133,Male,11,78,International School,169000,-0.5807
339,6,18,27,17,32,4,3,13,82,94,72,82.6667,-1.5797,-1.7453,1.1159,Female,11,49,International School,145500,-0.7364
340,12,10,48,23.3333,31,46,2,26.3333,70,89,72,77,-1.2728,-1.1822,0.8577,Male,8,43,Government School,12500,-0.5324
341,30,37,45,37.3333,44,13,31,29.3333,81,98,86,88.3333,-0.5943,-1.0555,1.374,Male,10,24,Government School,60000,-0.0919
342,37,31,20,29.3333,9,18,30,19,84,85,86,85,-0.982,-1.4919,1.2222,Male,10,46,International School,44000,-0.4172
343,45,18,16,26.3333,21,24,20,21.6667,77,91,89,85.6667,-1.1274,-1.3793,1.2525,Female,11,74,International School,49000,-0.418
344,7,5,15,9,20,30,49,33,85,92,92,89.6667,-1.9674,-0.9007,1.4348,Female,10,57,International School,31500,-0.4778
345,50,10,12,24,16,9,26,17,80,95,99,91.3333,-1.2404,-1.5764,1.5107,Female,7,66,Government School,66500,-0.4354
346,50,1,43,31.3333,49,8,45,34,97,84,99,93.3333,-0.8851,-0.8584,1.6018,Male,4,56,Government School,21000,-0.0472
347,1,40,39,26.6667,3,22,38,21,95,88,79,87.3333,-1.1112,-1.4074,1.3285,Female,9,43,Government School,80000,-0.3967
348,13,35,50,32.6667,24,5,15,14.6667,95,76,82,84.3333,-0.8205,-1.6749,1.1918,Male,3,43,Government School,80500,-0.4345
349,23,44,34,33.6667,22,33,35,30,78,96,84,86,-0.772,-1.0274,1.2677,Female,3,4,Government School,80500,-0.1772
350,43,37,30,36.6667,38,27,10,25,87,76,74,79,-0.6266,-1.2385,0.9488,Female,5,1,Government School,92500,-0.3054
351,9,21,44,24.6667,39,36,39,38,90,70,85,81.6667,-1.2081,-0.6895,1.0703,Female,7,20,Government School,81000,-0.2758
352,29,7,29,21.6667,40,17,37,31.3333,77,98,80,85,-1.3535,-0.9711,1.2222,Female,11,53,Government School,77000,-0.3675
353,8,15,17,13.3333,38,13,9,20,72,83,98,84.3333,-1.7574,-1.4497,1.1918,Male,4,6,Government School,13000,-0.6717
354,20,20,30,23.3333,23,44,26,31,88,79,89,85.3333,-1.2728,-0.9851,1.2374,Female,4,19,Government School,34500,-0.3402
355,14,1,50,21.6667,26,32,49,35.6667,95,76,89,86.6667,-1.3535,-0.7881,1.2981,Male,10,38,International School,73000,-0.2812
356,36,7,18,20.3333,31,36,1,22.6667,79,75,100,84.6667,-1.4181,-1.3371,1.207,Female,3,48,International School,100500,-0.5161
357,46,36,11,31,27,15,33,25,94,77,84,85,-0.9012,-1.2385,1.2222,Female,10,28,International School,42000,-0.3059
358,35,50,13,32.6667,44,36,21,33.6667,86,91,80,85.6667,-0.8205,-0.8725,1.2525,Female,10,5,Government School,19000,-0.1468
359,1,0,43,14.6667,14,32,7,17.6667,97,90,95,94,-1.6928,-1.5482,1.6322,Female,8,62,Government School,95500,-0.5363
360,29,5,5,13,22,46,22,30,86,74,86,82,-1.7735,-1.0274,1.0855,Male,11,75,Government School,18000,-0.5718
361,24,27,40,30.3333,18,42,43,34.3333,94,75,83,84,-0.9335,-0.8444,1.1766,Female,3,57,Government School,67000,-0.2004
362,10,23,19,17.3333,27,36,13,25.3333,80,85,82,82.3333,-1.5635,-1.2244,1.1007,Female,5,65,International School,170000,-0.5624
363,44,5,28,25.6667,40,33,19,30.6667,70,88,97,85,-1.1597,-0.9992,1.2222,Female,8,74,Government School,67500,-0.3122
364,4,42,34,26.6667,20,31,26,25.6667,78,78,97,84.3333,-1.1112,-1.2104,1.1918,Male,8,42,International School,172000,-0.3766
365,10,16,28,18,50,42,46,46,79,85,92,85.3333,-1.5312,-0.3517,1.2374,Female,1,61,Government School,10500,-0.2152
366,11,16,41,22.6667,15,41,50,35.3333,90,87,86,87.6667,-1.3051,-0.8021,1.3437,Male,4,69,Government School,25000,-0.2545
367,42,5,16,21,2,42,22,22,100,71,93,88,-1.3858,-1.3652,1.3588,Female,6,21,Government School,65500,-0.4641
368,49,47,27,41,12,35,37,28,86,77,92,85,-0.4166,-1.1118,1.2222,Female,7,75,Government School,35000,-0.1021
369,2,7,35,14.6667,34,5,7,15.3333,70,84,77,77,-1.6928,-1.6468,0.8577,Female,2,50,International School,118000,-0.8273
370,0,38,12,16.6667,5,47,50,34,80,82,96,86,-1.5958,-0.8584,1.2677,Male,8,61,Government School,18500,-0.3955
371,37,55,57,49.6667,70,71,95,78.6667,68,64,34,55.3333,0.0034,1.0279,-0.1293,Male,2,27,Government School,11500,0.3007
372,66,58,39,54.3333,81,82,70,77.6667,63,69,59,63.6667,0.2295,0.9857,0.2503,Male,10,9,International School,80500,0.4885
373,47,45,49,47,83,83,72,79.3333,45,36,54,45,-0.1258,1.056,-0.6,Female,7,55,Government School,18000,0.1101
374,35,58,45,46,96,74,90,86.6667,60,66,65,63.6667,-0.1743,1.3657,0.2503,Male,6,26,Government School,56500,0.4806
375,41,47,66,51.3333,74,97,76,82.3333,33,66,56,51.6667,0.0842,1.1827,-0.2963,Female,6,53,International School,94000,0.3235
376,37,43,55,45,87,94,75,85.3333,49,61,64,58,-0.2228,1.3094,-0.0078,Male,9,61,Government School,64000,0.3596
377,40,37,62,46.3333,100,81,72,84.3333,56,57,64,59,-0.1581,1.2672,0.0377,Female,7,68,International School,56500,0.3823
378,58,39,39,45.3333,88,99,72,86.3333,54,65,53,57.3333,-0.2066,1.3517,-0.0382,Female,10,79,Government School,83500,0.369
379,35,40,37,37.3333,87,85,76,82.6667,63,33,62,52.6667,-0.5943,1.1968,-0.2508,Female,1,60,International School,177000,0.1172
380,31,37,60,42.6667,75,87,74,78.6667,65,55,34,51.3333,-0.3358,1.0279,-0.3115,Female,11,16,International School,162500,0.1268
381,55,40,57,50.6667,89,81,77,82.3333,34,48,43,41.6667,0.0519,1.1827,-0.7519,Male,10,8,International School,45500,0.1609
382,32,39,61,44,81,93,94,89.3333,58,48,32,46,-0.2712,1.4783,-0.5545,Male,6,26,Government School,24000,0.2175
383,30,30,36,32,94,88,78,86.6667,50,54,31,45,-0.8528,1.3657,-0.6,Male,11,63,Government School,70000,-0.029
384,34,65,38,45.6667,96,85,90,90.3333,60,34,36,43.3333,-0.1905,1.5206,-0.676,Female,7,9,Government School,51500,0.2181
385,52,69,36,52.3333,75,71,73,73,48,67,33,49.3333,0.1326,0.7886,-0.4026,Male,10,7,International School,181500,0.1729
386,34,42,35,37,85,75,98,86,44,44,57,48.3333,-0.6105,1.3376,-0.4482,Female,1,78,Government School,16000,0.093
387,62,60,70,64,72,73,85,76.6667,36,42,67,48.3333,0.698,0.9434,-0.4482,Female,2,75,Government School,51000,0.3977
388,64,46,62,57.3333,79,71,99,83,42,42,54,46,0.3749,1.2109,-0.5545,Male,2,26,International School,88000,0.3438
389,38,70,55,54.3333,83,95,100,92.6667,64,35,57,52,0.2295,1.6191,-0.2812,Female,1,67,International School,96500,0.5225
390,61,35,59,51.6667,74,70,99,81,70,68,47,61.6667,0.1003,1.1264,0.1592,Male,6,12,Government School,12500,0.462
391,61,57,53,57,94,96,99,96.3333,39,45,38,40.6667,0.3588,1.774,-0.7974,Male,9,23,International School,163500,0.4451
392,64,51,46,53.6667,75,83,83,80.3333,34,64,61,53,0.1972,1.0983,-0.2356,Male,4,8,International School,65000,0.3533
393,52,33,63,49.3333,79,75,95,83,47,53,63,54.3333,-0.0128,1.2109,-0.1749,Female,6,44,Government School,84000,0.3411
394,41,32,65,46,100,73,93,88.6667,63,59,42,54.6667,-0.1743,1.4502,-0.1597,Female,7,1,International School,123000,0.3721
395,62,32,39,44.3333,88,94,97,93,30,36,66,44,-0.2551,1.6332,-0.6456,Male,3,73,Government School,99000,0.2442
396,30,55,40,41.6667,92,94,71,85.6667,53,49,62,54.6667,-0.3843,1.3235,-0.1597,Female,7,66,Government School,84500,0.2598
397,57,69,31,52.3333,78,89,94,87,44,50,66,53.3333,0.1326,1.3798,-0.2204,Male,3,78,International School,98000,0.4307
398,61,41,56,52.6667,86,89,74,83,45,66,57,56,0.1488,1.2109,-0.0989,Female,2,15,International School,191500,0.4202
399,51,32,32,38.3333,84,70,91,81.6667,45,66,41,50.6667,-0.5458,1.1546,-0.3419,Male,7,50,International School,88000,0.0889
400,70,35,54,53,100,100,98,99.3333,43,53,65,53.6667,0.1649,1.9007,-0.2052,Female,6,53,Government School,91000,0.6201
401,41,56,57,51.3333,70,75,76,73.6667,59,47,44,50,0.0842,0.8167,-0.3723,Female,5,73,Government School,8000,0.1762
402,51,57,32,46.6667,76,81,89,82,57,49,46,50.6667,-0.142,1.1687,-0.3419,Male,10,67,Government School,12500,0.2283
403,45,56,32,44.3333,100,75,87,87.3333,60,62,46,56,-0.2551,1.3939,-0.0989,Female,7,27,Government School,92500,0.3466
404,36,61,34,43.6667,91,78,88,85.6667,49,63,61,57.6667,-0.2874,1.3235,-0.023,Female,9,17,International School,198500,0.3377
405,70,52,48,56.6667,94,70,90,84.6667,47,54,57,52.6667,0.3426,1.2813,-0.2508,Female,4,24,Government School,84000,0.4577
406,34,51,37,40.6667,94,71,72,79,45,40,55,46.6667,-0.4328,1.042,-0.5241,Male,8,4,International School,168500,0.0284
407,69,58,66,64.3333,79,77,99,85,61,63,43,55.6667,0.7142,1.2953,-0.1141,Male,3,76,International School,175500,0.6318
408,54,31,57,47.3333,100,85,91,92,62,36,54,50.6667,-0.1097,1.591,-0.3419,Male,8,51,International School,100000,0.3798
409,52,67,55,58,89,92,78,86.3333,54,47,48,49.6667,0.4072,1.3517,-0.3874,Female,11,60,International School,107500,0.4571
410,55,39,36,43.3333,94,93,84,90.3333,62,58,43,54.3333,-0.3035,1.5206,-0.1749,Male,6,55,Government School,81500,0.3474
411,64,45,59,56,79,90,70,79.6667,37,31,40,36,0.3103,1.0701,-1.01,Female,6,80,Government School,10000,0.1235
412,62,36,37,45,78,75,81,78,31,32,64,42.3333,-0.2228,0.9997,-0.7215,Male,10,78,International School,109500,0.0185
413,47,60,38,48.3333,72,70,78,73.3333,36,59,31,42,-0.0612,0.8026,-0.7367,Female,4,74,Government School,68500,0.0016
414,33,47,51,43.6667,77,89,84,83.3333,35,62,40,45.6667,-0.2874,1.225,-0.5697,Female,7,9,International School,131000,0.1226
415,43,38,60,47,83,91,94,89.3333,39,62,48,49.6667,-0.1258,1.4783,-0.3874,Female,2,30,International School,108000,0.3217
416,30,35,68,44.3333,96,95,83,91.3333,36,52,32,40,-0.2551,1.5628,-0.8278,Male,10,34,Government School,79500,0.16
417,34,62,54,50,72,96,81,83,44,55,56,51.6667,0.0195,1.2109,-0.2963,Male,4,59,Government School,52000,0.3114
418,70,35,45,50,85,92,86,87.6667,58,43,58,53,0.0195,1.408,-0.2356,Female,9,60,Government School,27000,0.3973
419,58,53,50,53.6667,73,77,89,79.6667,44,62,53,53,0.1972,1.0701,-0.2356,Female,9,51,Government School,74000,0.3439
420,43,39,42,41.3333,79,97,70,82,55,47,70,57.3333,-0.4005,1.1687,-0.0382,Male,10,67,International School,167500,0.2433
421,57,46,66,56.3333,99,90,77,88.6667,48,59,43,50,0.3265,1.4502,-0.3723,Female,8,40,Government School,70000,0.4681
422,59,61,30,50,82,80,79,80.3333,70,58,50,59.3333,0.0195,1.0983,0.0529,Male,5,4,International School,189500,0.3902
423,62,31,59,50.6667,78,91,72,80.3333,56,51,67,58,0.0519,1.0983,-0.0078,Female,4,77,International School,183500,0.3808
424,56,66,45,55.6667,74,85,93,84,50,41,38,43,0.2942,1.2531,-0.6911,Female,4,15,Government School,22500,0.2854
425,43,33,67,47.6667,72,75,74,73.6667,34,40,34,36,-0.0935,0.8167,-1.01,Male,4,68,Government School,84500,-0.0956
426,34,68,57,53,84,94,87,88.3333,58,53,67,59.3333,0.1649,1.4361,0.0529,Male,11,8,International School,52500,0.5513
427,64,43,42,49.6667,71,100,96,89,35,67,36,46,0.0034,1.4643,-0.5545,Male,1,36,Government School,81000,0.3044
428,59,45,44,49.3333,96,84,90,90,70,43,62,58.3333,-0.0128,1.5065,0.0074,Female,11,9,International School,144500,0.5004
429,32,70,69,57,90,82,89,87,58,59,58,58.3333,0.3588,1.3798,0.0074,Female,4,58,International School,170500,0.582
430,34,55,59,49.3333,89,81,99,89.6667,52,36,67,51.6667,-0.0128,1.4924,-0.2963,Male,3,11,International School,198500,0.3944
431,53,68,65,62,81,84,91,85.3333,68,67,55,63.3333,0.6011,1.3094,0.2351,Male,1,7,International School,135500,0.7152
432,64,44,70,59.3333,93,75,96,88,66,31,57,51.3333,0.4719,1.422,-0.3115,Male,6,5,Government School,27000,0.5275
433,68,48,46,54,74,85,100,86.3333,47,48,70,55,0.2134,1.3517,-0.1445,Male,6,36,Government School,27000,0.4735
434,62,43,39,48,77,97,73,82.3333,54,47,31,44,-0.0774,1.1827,-0.6456,Male,8,11,International School,43000,0.1533
435,54,62,50,55.3333,95,95,80,90,69,66,52,62.3333,0.278,1.5065,0.1896,Male,2,61,International School,110500,0.658
436,45,48,49,47.3333,81,93,74,82.6667,53,70,70,64.3333,-0.1097,1.1968,0.2807,Female,2,24,Government School,44000,0.4559
437,56,43,66,55,97,99,70,88.6667,44,62,38,48,0.2619,1.4502,-0.4634,Male,7,68,International School,42500,0.4162
438,48,45,67,53.3333,80,80,72,77.3333,35,61,68,54.6667,0.1811,0.9716,-0.1597,Male,9,17,Government School,79500,0.331
439,31,59,40,43.3333,70,71,83,74.6667,45,56,31,44,-0.3035,0.859,-0.6456,Female,3,71,Government School,72000,-0.0301
440,31,38,59,42.6667,89,93,76,86,55,69,54,59.3333,-0.3358,1.3376,0.0529,Female,3,42,International School,127000,0.3516
441,33,47,67,49,86,94,71,83.6667,39,31,58,42.6667,-0.0289,1.239,-0.7063,Female,2,48,International School,50000,0.1679
442,57,39,62,52.6667,72,79,93,81.3333,63,50,55,56,0.1488,1.1405,-0.0989,Male,11,31,International School,191000,0.3968
443,66,36,59,53.6667,76,85,72,77.6667,43,50,32,41.6667,0.1972,0.9857,-0.7519,Male,6,6,Government School,62500,0.1437
444,32,38,63,44.3333,88,95,77,86.6667,61,61,69,63.6667,-0.2551,1.3657,0.2503,Female,7,71,Government School,73000,0.4537
445,49,52,54,51.6667,96,92,91,93,54,68,51,57.6667,0.1003,1.6332,-0.023,Male,1,40,Government School,47000,0.5702
446,60,61,63,61.3333,75,70,84,76.3333,37,65,43,48.3333,0.5688,0.9293,-0.4482,Male,5,27,International School,196000,0.35
447,43,47,45,45,81,99,88,89.3333,40,49,69,52.6667,-0.2228,1.4783,-0.2508,Male,4,10,Government School,97000,0.3349
448,47,46,40,44.3333,83,97,91,90.3333,40,44,47,43.6667,-0.2551,1.5206,-0.6608,Male,6,1,Government School,78500,0.2016
449,36,51,36,41,98,75,73,82,48,64,67,59.6667,-0.4166,1.1687,0.0681,Male,11,11,International School,45500,0.2734
450,41,40,11,30.6667,50,7,1,19.3333,2,45,45,30.6667,-0.9174,-1.4778,-1.253,Female,1,1,International School,171500,-1.2161
451,44,4,20,22.6667,32,25,30,29,17,34,19,23.3333,-1.3051,-1.0696,-1.5871,Female,1,37,Government School,58000,-1.3206
452,33,20,25,26,37,24,48,36.3333,44,11,23,26,-1.1435,-0.7599,-1.4656,Male,11,61,Government School,65000,-1.123
453,47,17,29,31,21,9,47,25.6667,34,26,3,21,-0.9012,-1.2104,-1.6934,Female,1,55,Government School,56000,-1.2683
454,3,10,4,5.6667,15,20,31,22,15,27,25,22.3333,-2.1289,-1.3652,-1.6326,Female,2,13,International School,192500,-1.7089
455,43,33,48,41.3333,15,32,38,28.3333,37,29,9,25,-0.4005,-1.0978,-1.5111,Female,11,67,Government School,36500,-1.0031
456,35,8,36,26.3333,19,36,40,31.6667,7,17,22,15.3333,-1.1274,-0.957,-1.9515,Female,10,0,Government School,61500,-1.3453
457,28,17,6,17,30,9,10,16.3333,7,28,12,15.6667,-1.5797,-1.6045,-1.9363,Female,6,18,International School,90500,-1.7068
458,15,22,19,18.6667,48,33,46,42.3333,26,30,22,26,-1.4989,-0.5065,-1.4656,Female,8,65,International School,85500,-1.157
459,22,22,29,24.3333,46,20,7,24.3333,40,16,14,23.3333,-1.2243,-1.2667,-1.5871,Female,9,64,Government School,83000,-1.3593
460,39,50,24,37.6667,42,7,10,19.6667,33,42,35,36.6667,-0.5781,-1.4638,-0.9797,Male,6,2,Government School,29000,-1.0072
461,44,20,50,38,3,5,40,16,32,45,40,39,-0.562,-1.6186,-0.8734,Female,2,58,Government School,35500,-1.018
462,5,15,26,15.3333,33,40,22,31.6667,15,30,30,25,-1.6604,-0.957,-1.5111,Male,11,16,International School,81500,-1.3762
463,6,26,23,18.3333,38,28,37,34.3333,47,20,44,37,-1.5151,-0.8444,-0.9645,Female,7,9,International School,52500,-1.108
464,12,25,24,20.3333,15,6,4,8.3333,5,28,34,22.3333,-1.4181,-1.9424,-1.6326,Male,2,61,Government School,23500,-1.6644
465,26,0,5,10.3333,0,6,3,3,16,23,33,24,-1.9028,-2.1676,-1.5567,Female,11,79,Government School,26500,-1.8757
466,26,39,14,26.3333,12,7,32,17,8,16,43,22.3333,-1.1274,-1.5764,-1.6326,Male,5,33,International School,114000,-1.4455
467,6,24,23,17.6667,29,14,6,16.3333,26,17,21,21.3333,-1.5474,-1.6045,-1.6782,Female,3,42,International School,162500,-1.61
468,10,37,7,18,16,31,27,24.6667,20,41,21,27.3333,-1.5312,-1.2526,-1.4048,Male,10,66,Government School,10500,-1.3962
469,19,49,27,31.6667,5,12,24,13.6667,18,38,23,26.3333,-0.8689,-1.7171,-1.4504,Male,8,74,Government School,16500,-1.3455
470,26,20,38,28,28,33,1,20.6667,3,15,45,21,-1.0466,-1.4215,-1.6934,Male,8,49,International School,116000,-1.3872
471,5,5,26,12,45,1,32,26,46,40,18,34.6667,-1.822,-1.1963,-1.0708,Female,6,50,International School,122500,-1.363
472,12,41,29,27.3333,0,44,42,28.6667,39,20,45,34.6667,-1.0789,-1.0837,-1.0708,Male,7,60,International School,88500,-1.0778
473,24,29,35,29.3333,9,49,10,22.6667,37,13,16,22,-0.982,-1.3371,-1.6478,Female,5,2,International School,194000,-1.3223
474,25,34,37,32,3,18,25,15.3333,6,1,34,13.6667,-0.8528,-1.6468,-2.0274,Female,5,55,International School,90000,-1.509
475,28,22,39,29.6667,17,20,45,27.3333,7,23,13,14.3333,-0.9658,-1.14,-1.9971,Male,2,80,International School,68000,-1.3676
476,22,23,41,28.6667,11,3,49,21,49,47,38,44.6667,-1.0143,-1.4074,-0.6152,Female,3,3,Government School,48000,-1.0123
477,31,6,43,26.6667,50,44,42,45.3333,4,35,36,25,-1.1112,-0.3798,-1.5111,Male,1,9,International School,111000,-1.0007
478,10,19,29,19.3333,47,15,26,29.3333,2,9,46,19,-1.4666,-1.0555,-1.7845,Female,5,71,Government School,22500,-1.4355
479,1,31,12,14.6667,19,17,3,13,34,10,2,15.3333,-1.6928,-1.7453,-1.9515,Male,2,55,Government School,71000,-1.7965
480,26,29,41,32,18,0,4,7.3333,44,1,13,19.3333,-0.8528,-1.9846,-1.7693,Male,6,2,Government School,68000,-1.5356
481,30,8,40,26,27,50,4,27,9,7,13,9.6667,-1.1435,-1.1541,-2.2097,Female,9,24,Government School,94000,-1.5024
482,18,34,20,24,1,6,19,8.6667,9,46,11,22,-1.2404,-1.9283,-1.6478,Male,10,79,International School,165500,-1.6055
483,2,33,25,20,6,37,37,26.6667,25,18,27,23.3333,-1.4343,-1.1681,-1.5871,Male,7,41,Government School,56000,-1.3965
484,43,43,48,44.6667,15,45,50,36.6667,39,10,4,17.6667,-0.2389,-0.7458,-1.8452,Female,10,48,International School,192000,-0.9433
485,40,43,31,38,37,47,36,40,49,48,49,48.6667,-0.562,-0.6051,-0.433,Male,3,63,Government School,39500,-0.5333
486,28,2,24,18,41,0,2,14.3333,12,20,8,13.3333,-1.5312,-1.689,-2.0426,Female,9,47,Government School,10000,-1.7543
487,35,21,30,28.6667,11,34,7,17.3333,8,13,23,14.6667,-1.0143,-1.5623,-1.9819,Male,2,39,International School,119000,-1.5195
488,17,4,46,22.3333,18,43,9,23.3333,49,33,24,35.3333,-1.3212,-1.3089,-1.0404,Female,10,52,International School,48500,-1.2235
489,13,43,28,28,11,13,6,10,33,34,39,35.3333,-1.0466,-1.872,-1.0404,Female,10,57,International School,31000,-1.3197
490,23,47,42,37.3333,29,20,5,18,47,1,50,32.6667,-0.5943,-1.5341,-1.1619,Male,3,79,International School,117000,-1.0968
491,0,45,24,23,45,25,50,40,43,30,46,39.6667,-1.2889,-0.6051,-0.843,Male,6,56,Government School,22500,-0.9123
492,44,48,7,33,44,39,12,31.6667,0,5,1,2,-0.8043,-0.957,-2.5589,Female,6,49,Government School,26000,-1.4401
493,3,34,41,26,10,47,19,25.3333,48,23,38,36.3333,-1.1435,-1.2244,-0.9949,Female,5,21,International School,48500,-1.1209
494,14,50,9,24.3333,44,19,39,34,35,1,33,23,-1.2243,-0.8584,-1.6023,Male,3,74,Government School,41500,-1.2283
495,21,39,23,27.6667,0,48,7,18.3333,13,50,29,30.6667,-1.0628,-1.5201,-1.253,Female,3,8,Government School,92000,-1.2786
496,40,48,49,45.6667,3,9,34,15.3333,1,36,28,21.6667,-0.1905,-1.6468,-1.663,Male,6,20,Government School,96500,-1.1667
497,50,35,0,28.3333,14,33,8,18.3333,38,44,9,30.3333,-1.0304,-1.5201,-1.2682,Female,1,8,International School,194500,-1.2729
498,0,21,13,11.3333,41,29,12,27.3333,36,47,2,28.3333,-1.8543,-1.14,-1.3593,Female,10,19,International School,83000,-1.4512
499,45,3,50,32.6667,24,22,20,22,5,21,25,17,-0.8205,-1.3652,-1.8756,Male,8,65,Government School,56000,-1.3538
500,64,46,50,53.3333,48,70,34,50.6667,38,43,37,39.3333,0.1811,-0.1546,-0.8582,Male,4,17,International School,54500,-0.2772
501,33,31,66,43.3333,44,38,65,49,37,63,44,48,-0.3035,-0.225,-0.4634,Male,10,6,Government School,81000,-0.3306
502,39,59,50,49.3333,63,60,30,51,34,53,60,49,-0.0128,-0.1405,-0.4178,Female,9,67,Government School,13000,-0.1904
503,34,33,49,38.6667,48,69,53,56.6667,70,30,67,55.6667,-0.5297,0.0988,-0.1141,Male,7,3,International School,73500,-0.1817
504,53,41,30,41.3333,31,55,38,41.3333,39,31,31,33.6667,-0.4005,-0.5487,-1.1163,Male,1,52,Government School,65500,-0.6885
505,30,45,67,47.3333,39,60,31,43.3333,63,46,43,50.6667,-0.1097,-0.4643,-0.3419,Female,11,57,International School,102500,-0.3053
506,49,45,36,43.3333,50,70,56,58.6667,49,50,37,45.3333,-0.3035,0.1833,-0.5849,Female,2,23,International School,71000,-0.235
507,55,69,54,59.3333,61,67,45,57.6667,52,60,45,52.3333,0.4719,0.141,-0.266,Female,2,71,International School,112500,0.1156
508,41,68,59,56,43,61,39,47.6667,47,62,35,48,0.3103,-0.2813,-0.4634,Female,6,32,International School,194500,-0.1448
509,56,38,44,46,57,48,32,45.6667,68,40,61,56.3333,-0.1743,-0.3657,-0.0837,Female,4,50,International School,185500,-0.2079
510,61,61,44,55.3333,61,33,39,44.3333,64,60,70,64.6667,0.278,-0.4221,0.2959,Female,10,57,International School,165500,0.0506
511,67,55,62,61.3333,34,63,45,47.3333,41,57,40,46,0.5688,-0.2954,-0.5545,Male,5,32,Government School,99500,-0.0937
512,34,56,69,53,70,34,44,49.3333,62,40,63,55,0.1649,-0.2109,-0.1445,Male,9,15,International School,157500,-0.0635
513,56,44,32,44,50,30,67,49,39,48,57,48,-0.2712,-0.225,-0.4634,Female,3,47,Government School,33500,-0.3199
514,62,59,34,51.6667,52,65,55,57.3333,50,43,65,52.6667,0.1003,0.127,-0.2508,Male,10,26,Government School,74500,-0.0078
515,34,43,67,48,57,64,53,58,48,56,34,46,-0.0774,0.1551,-0.5545,Female,11,24,International School,93500,-0.1589
516,62,57,56,58.3333,68,34,52,51.3333,63,34,44,47,0.4234,-0.1264,-0.5089,Female,10,8,Government School,50500,-0.0707
517,65,37,43,48.3333,56,55,44,51.6667,32,38,42,37.3333,-0.0612,-0.1124,-0.9493,Male,1,38,International School,159000,-0.3743
518,46,68,40,51.3333,53,59,32,48,68,67,33,56,0.0842,-0.2672,-0.0989,Female,8,33,International School,69500,-0.094
519,35,70,58,54.3333,65,50,33,49.3333,31,64,30,41.6667,0.2295,-0.2109,-0.7519,Male,1,42,International School,152000,-0.2444
520,41,68,62,57,44,47,31,40.6667,42,63,40,48.3333,0.3588,-0.5769,-0.4482,Female,9,64,Government School,98000,-0.2221
521,64,60,58,60.6667,46,67,51,54.6667,60,37,64,53.6667,0.5365,0.0143,-0.2052,Male,9,47,International School,108000,0.1152
522,63,42,62,55.6667,39,32,37,36,36,70,36,47.3333,0.2942,-0.774,-0.4937,Female,5,56,International School,119500,-0.3245
523,64,50,49,54.3333,59,40,48,49,61,45,61,55.6667,0.2295,-0.225,-0.1141,Female,4,11,International School,192500,-0.0365
524,51,57,56,54.6667,34,33,45,37.3333,57,30,33,40,0.2457,-0.7177,-0.8278,Female,10,47,International School,41500,-0.4333
525,53,58,33,48,34,60,51,48.3333,40,36,68,48,-0.0774,-0.2531,-0.4634,Male,10,21,Government School,84000,-0.2646
526,54,66,57,59,42,64,60,55.3333,54,44,61,53,0.4557,0.0425,-0.2356,Male,9,38,Government School,95500,0.0875
527,42,67,55,54.6667,56,53,58,55.6667,47,59,31,45.6667,0.2457,0.0566,-0.5697,Female,4,34,Government School,70500,-0.0891
528,49,51,40,46.6667,60,66,64,63.3333,43,55,53,50.3333,-0.142,0.3803,-0.3571,Male,5,61,Government School,88000,-0.0396
529,67,62,62,63.6667,66,50,48,54.6667,35,32,45,37.3333,0.6819,0.0143,-0.9493,Male,4,4,International School,145500,-0.0844
530,37,39,36,37.3333,53,53,65,57,31,38,54,41,-0.5943,0.1129,-0.7823,Female,7,34,Government School,47500,-0.4212
531,69,30,58,52.3333,45,57,40,47.3333,70,34,49,51,0.1326,-0.2954,-0.3267,Female,1,2,Government School,95500,-0.1631
532,48,48,51,49,59,56,62,59,53,35,39,42.3333,-0.0289,0.1973,-0.7215,Male,6,61,Government School,27000,-0.1844
533,60,52,46,52.6667,61,54,67,60.6667,47,60,32,46.3333,0.1488,0.2677,-0.5393,Male,4,51,Government School,47500,-0.0409
534,58,33,58,49.6667,40,68,43,50.3333,69,39,58,55.3333,0.0034,-0.1687,-0.1293,Male,5,33,International School,113000,-0.0982
535,47,68,64,59.6667,57,60,65,60.6667,66,69,51,62,0.488,0.2677,0.1744,Female,8,26,Government School,36000,0.31
536,38,39,34,37,45,44,60,49.6667,30,39,32,33.6667,-0.6105,-0.1968,-1.1163,Female,7,56,Government School,63500,-0.6412
537,39,31,45,38.3333,61,54,68,61,57,39,41,45.6667,-0.5458,0.2818,-0.5697,Female,11,68,Government School,53000,-0.2779
538,56,54,34,48,41,48,52,47,34,43,37,38,-0.0774,-0.3094,-0.9189,Male,6,50,International School,93500,-0.4352
539,41,62,48,50.3333,41,41,45,42.3333,34,62,58,51.3333,0.0357,-0.5065,-0.3115,Female,5,7,International School,40000,-0.2608
540,34,37,67,46,40,61,56,52.3333,51,67,34,50.6667,-0.1743,-0.0842,-0.3419,Female,5,71,International School,51000,-0.2001
541,64,63,62,63,47,42,68,52.3333,61,41,51,51,0.6495,-0.0842,-0.3267,Female,8,45,International School,36000,0.0795
542,44,31,61,45.3333,67,44,38,49.6667,60,50,51,53.6667,-0.2066,-0.1968,-0.2052,Male,2,42,International School,67000,-0.2029
543,38,48,55,47,69,46,38,51,43,67,66,58.6667,-0.1258,-0.1405,0.0225,Male,11,6,Government School,89000,-0.0813
544,35,50,37,40.6667,69,34,37,46.6667,45,38,47,43.3333,-0.4328,-0.3235,-0.676,Female,11,21,Government School,77500,-0.4774
545,64,39,39,47.3333,54,46,42,47.3333,38,67,55,53.3333,-0.1097,-0.2954,-0.2204,Male,9,38,International School,100500,-0.2085
546,46,34,40,40,59,53,40,50.6667,65,35,59,53,-0.4651,-0.1546,-0.2356,Male,7,68,International School,153500,-0.2851
547,30,54,32,38.6667,35,49,34,39.3333,63,33,67,54.3333,-0.5297,-0.6332,-0.1749,Male,9,63,Government School,88000,-0.4459
548,46,64,41,50.3333,53,44,69,55.3333,54,63,68,61.6667,0.0357,0.0425,0.1592,Male,6,55,International School,169500,0.0791
549,56,70,35,53.6667,63,52,35,50,53,65,55,57.6667,0.1972,-0.1827,-0.023,Male,9,13,Government School,30000,-0.0028
550,33,44,57,44.6667,38,39,30,35.6667,46,36,67,49.6667,-0.2389,-0.7881,-0.3874,Female,5,10,Government School,63500,-0.4715
551,33,53,37,41,49,48,40,45.6667,70,63,61,64.6667,-0.4166,-0.3657,0.2959,Male,7,1,International School,72500,-0.1622
552,48,60,61,56.3333,70,30,48,49.3333,37,39,30,35.3333,0.3265,-0.2109,-1.0404,Male,11,62,International School,50500,-0.3083
553,45,59,37,47,56,69,63,62.6667,53,40,35,42.6667,-0.1258,0.3522,-0.7063,Female,1,9,Government School,42000,-0.16
554,69,45,41,51.6667,57,57,64,59.3333,64,44,66,58,0.1003,0.2114,-0.0078,Male,1,6,International School,63500,0.1013
555,48,58,34,46.6667,67,34,48,49.6667,41,56,32,43,-0.142,-0.1968,-0.6911,Female,1,58,International School,47500,-0.3433
556,42,57,47,48.6667,56,70,67,64.3333,32,63,52,49,-0.0451,0.4226,-0.4178,Female,8,51,Government School,11500,-0.0134
557,48,36,39,41,39,37,60,45.3333,69,30,68,55.6667,-0.4166,-0.3798,-0.1141,Female,4,58,Government School,31500,-0.3035
558,59,49,60,56,32,52,56,46.6667,42,37,62,47,0.3103,-0.3235,-0.5089,Male,2,78,International School,193000,-0.174
559,69,69,35,57.6667,47,45,65,52.3333,45,62,49,52,0.3911,-0.0842,-0.2812,Female,4,19,International School,180500,0.0086
560,43,69,60,57.3333,62,60,35,52.3333,61,53,70,61.3333,0.3749,-0.0842,0.144,Female,10,38,Government School,53500,0.1449
561,30,56,33,39.6667,42,50,65,52.3333,42,59,31,44,-0.4812,-0.0842,-0.6456,Female,7,77,Government School,23500,-0.4037
562,39,32,40,37,42,49,62,51,62,63,65,63.3333,-0.6105,-0.1405,0.2351,Male,8,30,Government School,9500,-0.1719
563,37,42,43,40.6667,31,47,31,36.3333,56,40,41,45.6667,-0.4328,-0.7599,-0.5697,Female,9,1,Government School,15500,-0.5874
564,30,37,48,38.3333,69,61,41,57,59,30,35,41.3333,-0.5458,0.1129,-0.7671,Male,8,34,Government School,68000,-0.4
565,61,63,46,56.6667,69,41,37,49,64,50,61,58.3333,0.3426,-0.225,0.0074,Male,6,8,International School,82000,0.0417
566,39,60,61,53.3333,44,58,37,46.3333,33,30,69,44,0.1811,-0.3376,-0.6456,Female,3,39,Government School,44500,-0.2674
567,51,39,47,45.6667,61,36,66,54.3333,57,43,56,52,-0.1905,0.0003,-0.2812,Male,9,51,International School,169000,-0.1571
568,34,46,41,40.3333,40,58,41,46.3333,43,46,57,48.6667,-0.4489,-0.3376,-0.433,Male,9,27,Government School,41500,-0.4065
569,33,47,70,50,52,68,60,60,51,58,38,49,0.0195,0.2396,-0.4178,Male,3,8,International School,124500,-0.0529
570,36,57,67,53.3333,68,56,64,62.6667,53,38,59,50,0.1811,0.3522,-0.3723,Female,5,20,Government School,86500,0.0537
571,56,44,55,51.6667,59,35,55,49.6667,67,32,65,54.6667,0.1003,-0.1968,-0.1597,Female,11,76,International School,185000,-0.0854
572,48,66,30,48,50,49,47,48.6667,52,30,37,39.6667,-0.0774,-0.2391,-0.843,Female,10,21,International School,31500,-0.3865
573,40,49,66,51.6667,53,63,47,54.3333,62,30,60,50.6667,0.1003,0.0003,-0.3419,Male,11,32,Government School,75000,-0.0804
574,55,51,60,55.3333,63,39,46,49.3333,32,43,65,46.6667,0.278,-0.2109,-0.5241,Female,10,59,Government School,27000,-0.1523
575,67,66,68,67,31,46,39,38.6667,43,39,56,46,0.8434,-0.6614,-0.5545,Male,1,31,International School,118500,-0.1242
576,48,70,59,59,50,40,60,50,53,64,51,56,0.4557,-0.1827,-0.0989,Female,3,48,Government School,92500,0.058
577,63,64,47,58,58,64,33,51.6667,54,54,56,54.6667,0.4072,-0.1124,-0.1597,Male,9,49,Government School,18000,0.0451
578,39,51,50,46.6667,64,49,66,59.6667,36,35,56,42.3333,-0.142,0.2255,-0.7215,Male,11,71,International School,102000,-0.2127
579,38,65,65,56,37,50,34,40.3333,58,35,33,42,0.3103,-0.591,-0.7367,Male,4,56,International School,30500,-0.3391
580,35,53,48,45.3333,41,60,43,48,61,70,60,63.6667,-0.2066,-0.2672,0.2503,Male,7,30,International School,54500,-0.0745
581,34,61,61,52,62,41,42,48.3333,67,37,66,56.6667,0.1165,-0.2531,-0.0686,Female,8,74,International School,82500,-0.0684
582,35,43,55,44.3333,58,45,43,48.6667,47,67,40,51.3333,-0.2551,-0.2391,-0.3115,Male,11,26,International School,32500,-0.2685
583,44,54,63,53.6667,62,47,55,54.6667,63,36,30,43,0.1972,0.0143,-0.6911,Male,1,76,International School,51000,-0.1599
584,51,49,40,46.6667,57,32,55,48,70,30,47,49,-0.142,-0.2672,-0.4178,Male,6,23,International School,143000,-0.2757
585,42,67,42,50.3333,56,53,34,47.6667,42,59,61,54,0.0357,-0.2813,-0.19,Female,5,44,Government School,17500,-0.1452
586,52,69,54,58.3333,66,51,51,56,31,32,53,38.6667,0.4234,0.0706,-0.8886,Female,6,49,Government School,42000,-0.1315
587,70,62,55,62.3333,67,38,58,54.3333,63,51,30,48,0.6172,0.0003,-0.4634,Female,6,50,International School,152500,0.0514
588,56,46,66,56,35,35,50,40,67,37,51,51.6667,0.3103,-0.6051,-0.2963,Male,3,55,International School,132000,-0.197
589,49,35,62,48.6667,46,55,38,46.3333,56,34,30,40,-0.0451,-0.3376,-0.8278,Male,1,77,Government School,56000,-0.4035
590,45,52,34,43.6667,60,59,49,56,67,54,59,60,-0.2874,0.0706,0.0833,Female,8,50,International School,128000,-0.0445
591,46,42,67,51.6667,42,36,51,43,70,61,36,55.6667,0.1003,-0.4784,-0.1141,Female,4,71,International School,179000,-0.1641
592,55,32,36,41,48,59,47,51.3333,64,62,35,53.6667,-0.4166,-0.1264,-0.2052,Female,11,35,Government School,31000,-0.2494
593,53,43,70,55.3333,63,68,68,66.3333,46,64,64,58,0.278,0.507,-0.0078,Male,7,8,Government School,19500,0.2591
594,38,52,65,51.6667,59,58,64,60.3333,53,53,64,56.6667,0.1003,0.2536,-0.0686,Female,11,14,Government School,86500,0.0951
595,31,60,62,51,58,57,47,54,39,55,34,42.6667,0.068,-0.0138,-0.7063,Female,1,39,International School,108000,-0.2174
596,67,42,56,55,41,58,42,47,40,58,57,51.6667,0.2619,-0.3094,-0.2963,Female,1,54,Government School,29500,-0.1146
597,31,51,70,50.6667,48,70,35,51,32,41,64,45.6667,0.0519,-0.1405,-0.5697,Female,4,69,Government School,61500,-0.2194
598,58,39,50,49,52,43,44,46.3333,52,70,58,60,-0.0289,-0.3376,0.0833,Male,6,9,International School,130000,-0.0944
599,45,40,60,48.3333,54,32,57,47.6667,58,50,39,49,-0.0612,-0.2813,-0.4178,Female,6,72,Government School,53000,-0.2534
600,69,30,39,46,50,36,67,51,34,45,45,41.3333,-0.1743,-0.1405,-0.7671,Male,11,79,International School,59500,-0.3606
,,,,,,,,,,,,,,,,,,,,,
,,,,,,,,,,,,,,,,,,,,,
,,,maths_mean,49.5967,,,phy_mean,54.3272,,,chem_mean,58.1717,,,,,,,,,
,,,maths_std,20.635,,,phy_std,23.6792,,,chem_std,21.9513,,,,,,,,,
